Task,Model,R2,RMSE,MAE
Forecast,XGB (tuned+ES),0.7509252326275446,16.476714312882674,8.335261009219801
Forecast,LGB (tuned+ES),0.741282179909422,16.792637636377744,8.541046794607283
